{
    "fraud_metrics": {
        "auto": {
            "precision": 0.9803921568627451,
            "recall": 1.0,
            "f1_score": 0.9900990099009901,
            "auc_roc": 1.0
        },
        "health": {
            "precision": 1.0,
            "recall": 1.0,
            "f1_score": 1.0,
            "auc_roc": 1.0
        },
        "property": {
            "precision": 0.9433962264150944,
            "recall": 1.0,
            "f1_score": 0.970873786407767,
            "auc_roc": 1.0
        }
    },
    "reserve_metrics": {
        "auto": {
            "mse": 244498112.0,
            "rmse": 15636.435399412489,
            "mae": 11641.927734375,
            "r2": 0.9104366302490234
        },
        "health": {
            "mse": 276116224.0,
            "rmse": 16616.745289014932,
            "mae": 13845.7021484375,
            "r2": -1.4518158435821533
        },
        "property": {
            "mse": 1252860032.0,
            "rmse": 35395.76291026936,
            "mae": 21862.962890625,
            "r2": 0.8894445896148682
        }
    }
}